internal_sku,platform_sku,description,category
INT-F87ACF,45069,Telecaster,Guitars>Electric solid body
INT-EDEC3E,45085,Les Paul Custom,Guitars>Electric solid body
INT-07D9CC,45086,Les Paul Standard,Guitars>Electric solid body
INT-E89E6E,45087,Les Paul Standard,Guitars>Electric solid body
INT-9A6E70,45088,Stratocaster,Guitars>Electric solid body
INT-442045,45089,ES5,Guitars>Archtop>Electric
INT-50A721,45090,Byrland,Guitars>Semi-hollow body
INT-4056A2,45091,Country Gentleman,Guitars>Semi-hollow body
INT-092A58,45093,Double Anniversary,Guitars>Semi-hollow body
INT-7DEBDE,45094,50th Anniversary Stratocaster,Guitars>Electric solid body
INT-B9768D,45095,Starplayer TV Pearl Top,Guitars>Semi-hollow body
INT-D0829A,45096,Carl Carlton,Guitars>Semi-hollow body
INT-E66C96,45098,MK IV,Amps>Combo
INT-8E3446,45137,365 Capri,Guitars>Semi-hollow body
INT-F48ED6,45138,Stratocaster,Guitars>Electric solid body
INT-B8E567,45139,Jazzmaster,Guitars>Electric solid body
INT-DF2F51,45141,Stratocaster,Guitars>Electric solid body
INT-EC087F,45142,Telecaster,Guitars>Electric solid body
INT-F7359E,45143,Stratocaster,Guitars>Electric solid body
INT-72BF7D,45144,Stratocaster,Guitars>Electric solid body
INT-570260,45145,J200,Guitars>Flat top
INT-9C3A9C,45148,Jazz Bass,Basses>4 string
INT-DB1939,45164,F5,Stringed Instruments>Mandolin & mandolin family
INT-D5B777,45165,Country Gentleman,Guitars>Semi-hollow body
INT-FBDD21,45166,L5,Guitars>Archtop>Electric
INT-26644E,45167,500/5 Stu Sutcliffe Bass,Basses>Semi-hollowbody
INT-21B6C5,45168,000-28,Guitars>Flat top
INT-C527C7,45169,D28,Guitars>Flat top
INT-AB0C08,45238,AC4,Amps>Combo
INT-171B0C,45239,High Powered Twin,Amps>Combo
INT-964C37,45365,L32C,Guitars>Flat top
INT-2FE248,46543,Precision Bass,Basses>4 string
INT-1AC2AC,46544,Jazzmaster,Guitars>Electric solid body
INT-5742B5,49261,Electric XII,Guitars>12 string>Electric
INT-16D9A5,49262,Coronado II Wildwood,Guitars>Semi-hollow body
INT-4F5A49,49263,Stingray I The first Musicman ever sold!,Guitars>Electric solid body
INT-1AC34F,49264,Stratocaster,Guitars>Electric solid body
INT-D77CFA,49265,Firebird,Guitars>Electric solid body
INT-675022,49266,Hank Marvins Mesa Boogie MK2C Combo with Cabinet,Amps>Combo
INT-6A381C,49267,Mark Knopflers Schecter Stratocaster,Guitars>Electric solid body
INT-AA0CED,49268,Les Paul Custom,Guitars>Electric solid body
INT-072B73,49269,Les Paul Standard,Guitars>Electric solid body
INT-6CBD4C,49270,Les Paul Standard,Guitars>Electric solid body
INT-895C01,49273,1965-1969 Collection,Amps>Head + Cab
INT-A40C77,49542,Pep Box,Effects>Fuzz
INT-C15D31,49543,1951 Leo Fender Pickup Winder,Guitars>Parts & accessories>Pickups>Other
INT-508F59,49657,Les Paul Standard 'Grainger Burst',Guitars>Electric solid body
INT-97C090,50084,Les Paul Standard,Guitars>Electric solid body
INT-BCFF4A,51782,Stratocaster,Guitars>Electric solid body
INT-AB1CA0,51783,Stratocaster,Guitars>Electric solid body
INT-94ED40,51784,ES335 Dot Neck,Guitars>Semi-hollow body
INT-674414,51785,BASS VI,Guitars>Baritone
INT-CF997B,51786,500/1 Violin Bass,Basses>4 string
INT-6B656D,51787,Tri-lam,Guitars>Semi-hollow body
INT-03681C,51788,400 Ekomaster,Guitars>Electric solid body
INT-383CCC,51789,Committee,Guitars>Semi-hollow body
INT-4BF034,51790,LG50,Guitars>Electric solid body
INT-FC6D4F,51794,20W Greenback Quad 4x12 Speakers,Amps>Cabinets
INT-644F39,53127,Overdrive Special Ex Joe Bonamassa,Amps>Combo
INT-D530BF,53128,G12 Alnico Quad for Marshall Bluesbreaker or Pinstripe,Amps>Cabinets
INT-A906F3,53129,AC30 Head,Amps>Heads
INT-80CBA6,53130,Reverb Original “New” In packing Box Wow Wow ,Effects>Reverb
INT-898EA5,53824,Les Paul Standard,Guitars>Electric solid body
INT-D55B0D,53930,ES355 ex John Squire THE STONE ROSES,Guitars>Semi-hollow body
INT-BA1790,53931,ES345 ex John Squire THE STONE ROSES,Guitars>Semi-hollow body
INT-649AEB,53932,Telecaster Thinline ex John Squire THE STONE ROSES,Guitars>Semi-hollow body
INT-931EA1,54270,Bikini Guitar + Amp Bizarre Guitar,Guitars>Electric solid body
INT-AED453,54271,Rock Oval BOB DYLAN!,Guitars>Archtop>Electric
INT-7A6340,54272,Scarabeo,Guitars>Electric solid body
INT-5C6123,54312,400,Guitars>Electric solid body
INT-4D43A0,54313,Fenton-Weill Dualmaster ,Guitars>Electric solid body
INT-E66F4B,54317,I,Guitars>Electric solid body
INT-768F33,54324,Baldwin Double Six ,Guitars>Electric solid body
INT-13EC24,54326,WEM Rapier 33,Guitars>Electric solid body
INT-8F8876,54327,Colorama II,Guitars>Electric solid body
INT-D065BC,56136,Starfinder 4x12 Cabinet,Amps>Cabinets
INT-1815E1,56163,MK1 TONE BENDER ,Effects>Fuzz
INT-8E8969,56164,MK1.5 TONE BENDER ,Effects>Fuzz
INT-74C607,56165,PROFESSIONAL MK11 TONE BENDER OC75 ,Effects>Fuzz
INT-898245,56166,MKII TONE BENDER OC81D,Effects>Fuzz
INT-5049B3,56167,BUZZAROUND ,Effects>Fuzz
INT-A2CE56,56168,ZONK MACHINE MKI,Effects>Fuzz
INT-4190C4,56169,DALLAS RANGEMASTER,Effects>Fuzz
INT-51626A,56188,Shatterbox,Effects>Fuzz
INT-8F0A40,56193,Stratocaster,Guitars>Electric solid body
INT-BE3BC7,56194,Stratocaster,Guitars>Electric solid body
INT-073A3A,56195,Stratocaster,Guitars>Electric solid body
INT-AB0B94,57542,Rangemaster,Effects>Treble Booster
INT-1802A2,57543,Jazzmaster,Guitars>Electric solid body
INT-B7AAD5,57544,Domino Echo,Effects>Delay & Echo
INT-D617FE,57545,Series II Bluesbreaker Clapton Spec,Amps>Combo
INT-2AFA19,57546,Stratocaster Hendrix,Guitars>Electric solid body
INT-71FC34,57547,500/1 Violin Bass,Basses>4 string
INT-B0FE7F,57548,000-28 Brazilian,Guitars>Flat top
INT-D28628,57550,Master Built Stratocaster 2011 Pink  EX JOHN SQUIRE THE STONE ROSES,Guitars>Electric solid body
INT-E01EDF,57944,Les Paul Standard,Guitars>Electric solid body
INT-0AB663,60923,Les Paul Standard,Guitars>Electric solid body
INT-AB7671,60924,Les Paul Heritage 80 Standard,Guitars>Electric solid body
INT-071E0F,60925,ES335 Dot,Guitars>Semi-hollow body
INT-1E1F88,60926,Les Paul SG Special,Guitars>Electric solid body
INT-816806,60927,Les Paul Sg Standard,Guitars>Electric solid body
INT-2F7E80,60928,Telecaster,Guitars>Electric solid body
INT-325B7A,60931,Musicmaster,Basses>4 string
INT-184D03,60932,Surfcaster,Guitars>Electric solid body
INT-F7F3FC,60933,S60-D,Guitars>Electric solid body
INT-B5A0B8,60934,360,Guitars>Semi-hollow body
INT-C7E797,60935,360-12,Guitars>Semi-hollow body
INT-FB7A09,60937,Mary Kaye Stratocaster,Guitars>Electric solid body
INT-A6DE5E,65490,Overdrive Special,Amps>Heads
INT-AD69F1,65492,ES175,Guitars>Archtop>Electric
INT-451442,65493,Les Paul Custom,Guitars>Electric solid body
INT-E47E58,65495,Electric XII,Guitars>Electric solid body
INT-D9B101,65496,Telecaster,Guitars>Electric solid body
INT-EAED71,65549,D20 Brazilian Rosewood,Guitars>Flat top
INT-7E4E8F,65550,Phazex Phaser,Effects>Phaser
INT-A21AA2,68523,Model 9 MKI,Guitars>Electric solid body
INT-45A153,68524,Flip Top Copicat Tape Echo,Effects>Delay & Echo
INT-FB372B,68525,Custom Shop Joe Bonamassa Goldtop Aged and Signed,Guitars>Electric solid body
INT-5BB39B,68526,"Overdrive Export Combo Casing , Original",Amps>Combo
INT-91C070,68527,Custom Shop Eric Clapton Beano 1960 Les Paul Standard,Guitars>Electric solid body
INT-CB7491,68530,Airbrake Prototype,Effects>Attenuator
INT-5562FE,68531,Byrdland,Guitars>Archtop>Electric
INT-F5CA2E,68532,L4 CES,Guitars>Archtop>Electric
INT-2D9C3D,68533,6120 Country Gentleman Fixed Arm Bigsby,Guitars>Semi-hollow body
INT-1F4738,68534,Stratocaster,Guitars>Electric solid body
INT-0DD53A,68535,"J15 EX Steve Howe, Yes, Asia",Guitars>Flat top
INT-A88CEA,68536,"AC30 Top Boost ex Steve Howe YES, Asia",Amps>Combo
INT-916231,68913,Super Chet,Guitars>Semi-hollow body
INT-B8AF32,68914,Custom Shop Joe Perry Les Paul,Guitars>Electric solid body
INT-F3E44C,68915,Tri-Lam,Guitars>Semi-hollow body
INT-3CD005,68916,Les Paul Standard,Guitars>Electric solid body
INT-99B374,68917,Reverb Tank,Effects>Reverb
INT-80886E,68918,Super V (Super 400 Deluxe Edition),Guitars>Semi-hollow body
INT-ABED56,68919,35th Anniversary Stratocaster,Guitars>Electric solid body
INT-1B59F2,68920,AC30,Amps>Combo
INT-CA2B16,68921,Les Paul Deluxe,Guitars>Electric solid body
INT-569CFA,68923,Custom 24 Artist Pack with Rosewood Neck,Guitars>Electric solid body
INT-B734CB,68924,Committee,Guitars>Semi-hollow body
INT-C940FF,68925,Committee with Floating Pickup,Guitars>Semi-hollow body
INT-D4A4C7,68927,Stratocaster,Guitars>Electric solid body
INT-0B87BC,68928,Volume Pedal EX Steve Howe YES ASIA,Effects>Other
INT-0ED05A,68929,Artist Korina Custom,Guitars>Semi-hollow body
INT-C05355,68930,SA4123 ML EXECUTIVE ex WHO,Amps>Cabinets
INT-039104,68931,Tremolux Piggyback ML Executive THE WHO,Amps>Head + Cab
INT-755BB8,68935,Custom Shop Ace Frehley Kiss Budokan Les Paul,Guitars>Electric solid body
INT-D3CFE0,68936,Short Tom Echo Hank Marvin Jimmy Page,Effects>Delay & Echo
INT-769BD4,68937,UL430 Prototype THE BEATLES,Amps>Heads
INT-4368CA,68938,Custom Shop Billy Gibbon Pearly Gates Les Paul Std,Guitars>Electric solid body
INT-76FFE5,68939,Custom Shop Jimmy Page Les Paul Standard No1 ex Dan Hawkins THE DARKNESS,Guitars>Electric solid body
INT-C3CEFD,68940,Les Paul Deluxe,Guitars>Electric solid body
INT-D1C326,68942,Vetta II Combo Ex Steve Howe YES Asia,Amps>Combo
INT-B1D399,68945,Jaguar,Guitars>Electric solid body
INT-46BF0B,68946,Jaguar,Guitars>Electric solid body
INT-775151,68947,Twin,Amps>Combo
INT-259BCA,68948,Silver Bulldog Speakers,Amps>Cabinets
INT-E957C2,68949,Super Echo Twin,Amps>Combo
INT-5AFC31,68950,J200,Guitars>Flat top
INT-B1CDFF,68951,360-12V64 McGuinn George Harrison Tom Petty,Guitars>Electric solid body
INT-837027,68952,"Deluxe Reverb ex Jack Bruce, Eric Clapton, Cream",Amps>Combo
INT-FC19EA,68965,Stratocaster,Guitars>Electric solid body
INT-E3E6C2,69060,Stratocaster,Guitars>Electric solid body
INT-8302A7,69248,Liverpool,Amps>Heads
INT-4FBE32,69344,Custom Built Telecaster,Guitars>Electric solid body
INT-1360ED,69366,"1966 JTM45 Panel , Repro/replica",Amps>Heads
INT-E63B2C,69367,1967 JMP SUPERLEAD PLEXI BACK PANEL DNA REPLICA ,Amps>Heads
INT-B2AF0A,69368,"1966 Bluesbreaker JTM45 Panel , Repro/replica",Amps>Heads
INT-D62BDB,69369,"1968 Bluesbreaker , 18 Watt , Mini Bluesbreaker , Correct Plexi Panel",Amps>Heads
INT-B2ECA4,69370,"1968 JMP Plexi - Front Panel , 50W, 100W Superlead 100% DNA Replica",Amps>Heads
INT-F2918E,69379,Stratocaster,Guitars>Electric solid body
INT-B6E650,69595,SG Standard,Guitars>Electric solid body
INT-AE6054,69673,ES330,Guitars>Semi-hollow body
INT-8BA7BB,69674,ES335 Block Neck,Guitars>Semi-hollow body
INT-1AAAC2,69675,Casino ES220D,Guitars>Semi-hollow body
INT-D0F733,69676,ES355,Guitars>Semi-hollow body
INT-90CCAB,69677,360-12,Guitars>12 string>Electric
INT-3AE82D,69678,Jazz Bass Custom Colour,Basses>4 string
INT-F35E8B,69715,Les Paul Standard,Guitars>Electric solid body
INT-DB369B,69802,Custom Shop Hank Marvin Stratocaster Signed by Hank,Guitars>Electric solid body
INT-FD01B5,69803,Telecaster with Factory Fit Bigsby,Guitars>Electric solid body
INT-82F55E,69804,Dominator NEAR MUSEUM CONDITION,Amps>Combo
INT-4BC931,69805,CEO-7 EX RICK PARFITT STATUS QUO,Guitars>Flat top
INT-78FCF7,69806,ES345,Guitars>Semi-hollow body
INT-1901F4,69807,XG10 Aluminium Neck,Guitars>Electric solid body
INT-A9B4BA,69808,20 (AC30),Amps>Combo
INT-8E338C,69809,15 (AC15),Amps>Combo
INT-6B55E0,69810,100 (AC100),Amps>Heads
INT-B4B990,69865,Stratocaster Left Handed,Guitars>Electric solid body
INT-01010F,69866,6119 Tennessean,Guitars>Semi-hollow body
INT-884406,69867,Les Paul Custom Shop Long Scale Les Paul,Guitars>Electric solid body
INT-D9922D,69868,Stratocaster Left Handed,Guitars>Electric solid body
INT-7EDAF3,69880,1A Flamenco Ex Steve Howe Yes,Guitars>Classical
INT-212BA8,69881,EB-0 Ex Steve Howe Yes,Basses>4 string
INT-39253A,69882,Les Paul Custom Ex Steve Howe YES,Guitars>Electric solid body
INT-C597F9,69883,H1 Mandola Ex Steve Howe YES,Stringed Instruments>Mandolin & mandolin family
INT-06314F,70384,J200,Guitars>Flat top
INT-297385,70385,ES-330 VOS,Guitars>Semi-hollow body
INT-492212,70386,JTM45 Silver and Maroon Block Logo,Amps>Heads
INT-BEE97D,70387,Stratocaster,Guitars>Electric solid body
INT-44C828,70388,President,Guitars>Semi-hollow body
INT-3FBE86,70389,Les Paul Ltd Edition,Guitars>Electric solid body
INT-4A943E,70476,NOS Ltd Edition Zonk Machine,Effects>Fuzz
INT-C23331,70477,NOS Ltd Edition Professional MKII Tone Bender OC81D,Effects>Fuzz
INT-6F4795,70478,NOS Ltd Edition MKI Tone Bender,Effects>Fuzz
INT-79DCF6,70479,Compact Series MKI Tone Bender,Effects>Fuzz
INT-298EFA,70480,Compact Series Professional MKII Tone Bender,Effects>Fuzz
INT-F5BABE,70481,Compact Series Pep,Effects>Fuzz
INT-057E4F,70482,Compact Series Zonk Machine,Effects>Fuzz
INT-C1C6AB,70483,Compact Series Dallas Rangemaster,Effects>Treble Booster
INT-6BB385,70484,Compact Series NOS Rangemaster,Effects>Treble Booster
INT-DB4999,70485,ES-345,Guitars>Semi-hollow body
INT-43BDAC,70659,Connoisseur of Fuzz Collection,Effects>Fuzz
INT-1518EC,70661,NOS Rangemaster Package,Effects>Treble Booster
INT-20981D,70662,MULLARD LOADED NOS RANGEMASTER PACKAGE,Effects>Treble Booster
INT-B45E43,70867,Jazzmaster,Guitars>Electric solid body
INT-5F3925,70868,Stratocaster,Guitars>Electric solid body
INT-A3436B,70869,Precision Bass,Basses>4 string
INT-64590B,70870,Coronet,Guitars>Electric solid body
INT-7F2814,70871,D28,Guitars>Flat top
INT-C07F2F,70872,Tenor guitar,Guitars>Tenor
INT-0D84AB,70889,Stratocaster,Guitars>Electric solid body
INT-CFE24A,70892,J180 Everly Brothers,Guitars>Flat top
INT-F71D0E,70893,12 String ex David Gilmour PINK FLYD,Guitars>12 string>Acoustic
INT-EE8C29,70895,D18,Guitars>Flat top
INT-AD5416,70897,J50,Guitars>Flat top
INT-1A45DA,71119,Les Paul Special,Guitars>Electric solid body
INT-9721FB,71120,White Falcon,Guitars>Semi-hollow body
INT-ABD143,71126,Stratocaster,Guitars>Electric solid body
INT-F7C8A8,71131,Stratocaster ex Gary Moore,Guitars>Electric solid body
INT-39AA62,71135,Les Paul Custom THE WORLDS FINEST,Guitars>Electric solid body
INT-D3C525,71138,1997 (330) Rose Morris,Guitars>Semi-hollow body
INT-5CE0DE,71140,J200,Guitars>Flat top
INT-ACFB02,71360,Esquire,Guitars>Electric solid body
INT-C1DA3D,71361,ES330,Guitars>Semi-hollow body
INT-6980EF,71362,Custom Telecaster,Guitars>Electric solid body
INT-536089,71363,Les Paul Standard Goldtop,Guitars>Electric solid body
INT-E6CEBE,71364,High Powered Twin Ex Rory Gallagher,Amps>Combo
INT-D9A2B7,71365,Hummingbird,Guitars>Flat top
INT-73202C,71366,J50,Guitars>Flat top
INT-F359E8,71367,Precision Bass,Basses>4 string
INT-B40C92,71368,Club 50,Guitars>Semi-hollow body
INT-7DA797,71702,15 HANDBUILT IN UK,Amps>Combo
INT-2C1E5C,71706,Echorec 2 EX GARY MOORE,Effects>Delay & Echo
INT-3FBB14,71707,ES175,Guitars>Archtop>Electric
INT-FC8486,71708,L5 CES,Guitars>Archtop>Electric
INT-788F9A,72023,ES330,Guitars>Semi-hollow body
INT-5537D1,72024,SG Special,Guitars>Electric solid body
INT-7972CC,72025,Jack Casady Bass ex Mani THE STONE ROSES,Basses>4 string
INT-215961,72026,4005 ex Mani THE STONE ROSES,Basses>Semi-hollowbody
INT-6C87F7,72027,400+ Bass Rig ex Mani THE STONE ROSES,Amps>Head + Cab
INT-C80413,72028,Les Paul Standard,Guitars>Electric solid body
INT-910907,72120,Reverb/Fuzz Unit SUPER RARE,Effects>Fuzz
INT-5E1D3A,72121,Vibroverb ,Amps>Combo
INT-5BFFE2,72123,Stratocaster,Guitars>Electric solid body
INT-512CEE,72126,ES-335 Dont Neck,Guitars>Semi-hollow body
INT-DD7286,72127,ES-175,Guitars>Semi-hollow body
INT-EA8A72,72128,"ES-5 EX STEVE HOWE, YES, ASIA",Guitars>Archtop>Electric
INT-8E1970,72455,JMP Bluebreaker Combo THE JOHN SQUIRE COLLECTION,Amps>Combo
INT-6F660C,72459,Custom Built 30W Stack THE JOHN SQUIRE COLLECTION,Amps>Head + Cab
INT-F1A680,72461,Dual Master THE JOHN SQUIRE COLLECTION,Amps>Combo
INT-377134,72752,Treble Booster,Effects>Treble Booster
INT-68193A,72753,Overdriver,Effects>Overdrive
INT-17FEC3,72754,Custom Shop Joe Walsh Les Paul ARTIST PROOF NO1,Guitars>Electric solid body
INT-52CDA4,72755,6120 ex Duane Eddy,Guitars>Archtop>Electric
INT-D2957C,72756,Radio Spares Mains Transformer for 18W EL84 Bluesbreaker (1974),Amps>Combo
INT-FA8B42,72788,Les Paul Custom 3 pickup,Guitars>Electric solid body
INT-FD19AA,72835,J-160E ,Guitars>Flat top
INT-284891,73315,NOS Rangemaster,Effects>Treble Booster
INT-3388EC,73318,Rangemaster Treble Booster Mullard OC44,Effects>Treble Booster
INT-43C8CD,73319,Rangemaster Treble Booster Mullard OC71,Effects>Treble Booster
INT-B0D020,73353,"Tal Farlow ex Steve Howe, YES, ASIA",Guitars>Archtop>Electric
INT-C6D173,73354,CP103 Head owned by Pete Townshend THE WHO,Amps>Heads
INT-6287EE,73357,JTM 50 FLAG LOGO PLEXI ,Amps>Heads
INT-6E8F05,73359,50 Head Plexi,Amps>Heads
INT-A8F340,73360,JMP 50 Head with Laydown Mains Transformer ,Amps>Heads
INT-C1DD4F,73361,JMP 50 Plexi,Amps>Heads
INT-BE719A,73362,Wah,Effects>Wah Wah
INT-3C973A,73363,Wah Face,Effects>Wah Wah
INT-E5128C,73364,L5,Guitars>Archtop>Electric
INT-47501A,73365,BB Model,Guitars>Semi-hollow body
INT-9AF03D,73936,Stratocaster,Guitars>Electric solid body
INT-DFF831,73937,Strato Deluxe,Guitars>Electric solid body
INT-E7B8B3,73938,DR504,Amps>Heads
INT-97A69A,73939,Galaxie,Guitars>Electric solid body
INT-24EACA,73940,458 President,Guitars>Archtop>Electric
INT-41A545,73941,Committee,Guitars>Archtop>Electric
INT-8E8ED1,73942,Committee,Guitars>Archtop>Acoustic
INT-B9DEA6,73943,Ekomaster,Guitars>Electric solid body
INT-EAB6C6,74073,Jazzmaster THE WORLDS FINEST,Guitars>Electric solid body
INT-B13DA4,74075,ES330,Guitars>Semi-hollow body
INT-67CCCB,74076,Musicmaster,Guitars>Electric solid body
INT-86B3A6,74148,4003 Left Handed,Basses>4 string
INT-BCDE95,74219,Explorer GA18T,Amps>Combo
INT-90D7A4,74220,Casino,Guitars>Semi-hollow body
INT-6D13C2,74221,ES-345,Guitars>Semi-hollow body
INT-AE3E54,74222,Tenessean,Guitars>Semi-hollow body
INT-27FC37,74223,ES-355 TDSV,Guitars>Semi-hollow body
INT-DB0FD2,74224,AC30,Amps>Combo
INT-279ECF,74248,Duo Sonic Owned by John Lennon THE BEATLES,Guitars>Electric solid body
INT-F5D75D,74364,Jazz Bass,Basses>4 string
INT-5D0BCB,74365,EM-200 Electric Mandolin,Stringed Instruments>Mandolin & mandolin family
INT-3C078C,74367,Stratocaster Telecaster Tweed Case,Guitars>Miscellaneous
INT-AFB102,74829,ES355,Guitars>Semi-hollow body
INT-B23CAA,74830,Les Paul Elegant,Guitars>Electric solid body
INT-36C800,74831,Collectors choice CC28 Ronnie Montrose Les Paul,Guitars>Electric solid body
INT-EBD20E,74832,Stratocaster,Guitars>Electric solid body
INT-F59DF7,74833,Stingray 5 String Left Handed,Basses>5 string
INT-0FCE85,74834,Lonestar ex John Squire THE STONE ROSES,Amps>Combo
INT-EFD0C5,74851,Brian May Red Special,Guitars>Electric solid body
INT-CAF24D,75131,Custom Shop Andy Summers Tribute Telecaster,Guitars>Electric solid body
INT-591132,75251,EDS-1275 Twin Neck,Guitars>Electric solid body
INT-2974B2,75252,EB-18,Guitars>Electric solid body
INT-7DD974,75257,L5,Guitars>Semi-hollow body
INT-435EA3,75282,ES350T,Guitars>Semi-hollow body
INT-650DBE,75284,ES330 Prototype/Custom,Guitars>Semi-hollow body
INT-0B0193,75285,6120 Nashville,Guitars>Semi-hollow body
INT-37DAEC,75286,Les Paul,Guitars>Electric solid body
INT-6C36F5,75287,Archtop,Guitars>Semi-hollow body
INT-4EDA35,75288,Glitter top,Guitars>Electric solid body
INT-2D03B5,75319,172 Vinyl Top,Guitars>Electric solid body
INT-85922F,75321,ES355,Guitars>Semi-hollow body
INT-2061FD,75322,Custom Shop Glitter Stratocaster,Guitars>Electric solid body
INT-2A42CB,75455,500 Ekomaster V2,Guitars>Electric solid body
INT-23E23E,75456,500 V2 Ekomaster,Guitars>Electric solid body
INT-A2DBE1,75457,700 MUSEUM QUALITY,Guitars>Electric solid body
INT-2B0B33,75458,500 V3 Ekomaster,Guitars>Electric solid body
INT-8C9EAF,75459,500 V4 Ekomaster,Guitars>Flat top
INT-480294,75460,Elite Semi Acoustic,Guitars>Semi-hollow body
INT-D6593C,75461,40V,Guitars>Electric solid body
INT-41B356,75462,Elite Semi Acoustic,Guitars>Semi-hollow body
INT-5C0832,75464,Solid 2V Made in Italy,Guitars>Electric solid body
INT-EAAD8F,75691,J45,Guitars>Flat top
INT-803EDC,75692,Jet Firebird 6131,Guitars>Electric solid body
INT-53C291,75693,Joe Perry/Slash 1959 Les Paul Standard VOS,Guitars>Electric solid body
INT-0830B8,75694,Musicmaster,Guitars>Electric solid body
INT-2DA1F8,75695,PB24,Guitars>Electric solid body
INT-D42CF6,75696,Le sPaul Custom ALL GOLD,Guitars>Electric solid body
INT-C62E77,76173,D18,Guitars>Flat top
INT-5353C5,76174,D28,Guitars>Flat top
INT-F17895,76175,D35,Guitars>Flat top
INT-1A2CF9,76176,D35-12,Guitars>12 string>Acoustic
INT-86E297,76177,D28,Guitars>Flat top
INT-41119B,76178,360,Guitars>Semi-hollow body
INT-58829D,76179,000-18,Guitars>Flat top
INT-1AD879,76180,Telecaster,Guitars>Electric solid body
INT-BB999E,76182,Telecaster,Guitars>Electric solid body
INT-6DAB7B,76183,Stratocaster,Guitars>Electric solid body
INT-305664,76184,Stratocaster ex Billie Joe Armstrong Green Day,Guitars>Electric solid body
INT-68BD32,76185,Custon Shop Flying V custom,Guitars>Electric solid body
INT-17CF60,76186,Overdrive Special with Dumbleator II,Amps>Combo
INT-B5CC64,76190,Double Six,Guitars>12 string>Electric
INT-0643A5,76317,Custom Deluxe Metal Top,Guitars>Electric solid body
INT-5F4AF8,76318,Crest Brazilian Rosewood,Guitars>Semi-hollow body
INT-974E3B,76319,00-21,Guitars>Flat top
INT-E0A610,76320,J50 MUSEUM QUALITY,Guitars>Flat top
INT-78A65C,76323,JTM 100,Amps>Heads
INT-495DC1,76828,Custom Telecaster,Guitars>Electric solid body
INT-37E12C,76834,Custom Shop 20th Anniversary No Caster,Guitars>Electric solid body
INT-C66D9E,76837,ES335 with Bigsby,Guitars>Semi-hollow body
INT-8B760E,76838,Telecaster Stunning Flamed Neck,Guitars>Electric solid body
INT-527438,76840,Model H 000 ,Guitars>Flat top
INT-AF1022,76841,DE Dreadnought,Guitars>Flat top
INT-4CD50F,76842,A Style Mandolin,Stringed Instruments>Mandolin & mandolin family
INT-43AEA8,76844,True Historic 57 Reissue Les Paul Custom,Guitars>Electric solid body
INT-6C254A,77403,Les Paul Custom THE WORLDS FINEST,Guitars>Electric solid body
INT-992847,77404,000-28 EC Crossroads Edition,Guitars>Flat top
INT-EAC8F5,77405,JTM 45 MKII Head,Amps>Heads
INT-DEEDCD,77406,Collectors Choice Ed King Red Eye 1959 Les Paul Standard,Guitars>Electric solid body
INT-6CE2E5,77407,Bandmaster,Amps>Combo
INT-B31AA0,77409,RCJ 1851 OM Style,Guitars>Flat top
INT-C68D6E,77410,Custom 4x12 Cabinets ex Jack Bruce CREAM,Amps>Cabinets
INT-1CB4A2,77411,JMP 50 Head ex Jack Bruce CREAM,Amps>Heads
INT-23D3A6,77747,Stratocaster,Guitars>Electric solid body
INT-613DA5,77752,500/1 Cavern Bass reissue ex JOE DUNN,Basses>Semi-hollowbody
INT-70D514,77753,Academy Custom,Guitars>Semi-hollow body
INT-6A12FA,77754,ES175 ex STEVE HOWE YES ASIA,Guitars>Semi-hollow body
INT-B59291,77755,Stringmaster ex STEVE HOWE YES ASIA,Stringed Instruments>Other
INT-05E08F,77766,Radio Spares 'RS Grill' Cloth for Offset JTM Amplifiers and Cabs,Amps>Heads
INT-FF5C8C,78035,ES335,Guitars>Semi-hollow body
INT-ECB6E7,78036,Everly Brothers J180,Guitars>Flat top
INT-B030BB,78037,Stratocaster,Guitars>Electric solid body
INT-E9D409,78038,Stratocaster,Guitars>Electric solid body
INT-51851D,78314,Blackguard Telecaster,Guitars>Electric solid body
INT-ECCD4A,78315,Custom Telecaster,Guitars>Electric solid body
INT-0D12A8,78316,L5,Guitars>Semi-hollow body
INT-B8A48E,78318,D-28,Guitars>Flat top
INT-E346A7,78319,00-21,Guitars>Flat top
INT-8B1638,78320,Country Gentleman,Guitars>Semi-hollow body
INT-A33A4E,78321,Capri 365,Guitars>Semi-hollow body
INT-3117F2,78322,Style 0,Guitars>Resonator
INT-4F31CA,78577,Les Paul Standard,Guitars>Electric solid body
INT-015077,78578,Ltd Edition MKI Wooden Case Tone Bender,Effects>Fuzz
INT-82ECFC,78865,Stratocaster THE MOJO KING,Guitars>Electric solid body
INT-E19421,79035,Dallas Rangemaster,Effects>Treble Booster
INT-54C3F8,79169,ES330,Guitars>Semi-hollow body
INT-76EE3C,79171,EB-1,Basses>4 string
INT-0F661B,79173,Verithin,Guitars>Semi-hollow body
INT-57E72F,79174,ES345,Guitars>Semi-hollow body
INT-AF8A71,79176,Dominator V Front,Amps>Combo
INT-4F5AD4,79341,Esquire,Guitars>Electric solid body
INT-AE4D13,79342,Stratocaster,Guitars>Electric solid body
INT-DC9017,79343,Electromatic Wraparound Amplifier,Amps>Combo
INT-E12A05,79344,Joker Combo UBER RARE,Amps>Combo
INT-316231,79462,ES335,Guitars>Semi-hollow body
INT-06389F,79463,ES345,Guitars>Semi-hollow body
INT-ABCB3C,79464,Les Paul Custom,Guitars>Electric solid body
INT-C11BA5,79827,Vox Phantom Copy,Guitars>Electric solid body
INT-A09A65,79828,J160-E,Guitars>Flat top
INT-E984B5,79829,Les Paul Custom,Guitars>Electric solid body
INT-ED01EA,79830,Country Gentleman,Guitars>Semi-hollow body
INT-518BF5,79831,D25 Albino,Guitars>Flat top
INT-66559E,79833,Barnel Kessel Custom,Guitars>Semi-hollow body
INT-33699D,79834,SG Standard,Guitars>Electric solid body
INT-2C2406,79835,Santana II,Guitars>Electric solid body
INT-BCC2B3,79836,Steelcaster Deluxe,Guitars>Electric solid body
INT-F4BA93,79837,6120 Nashville,Guitars>Semi-hollow body
INT-C5D970,79838,Custom Telecaster with Bigsby,Guitars>Electric solid body
INT-9AD396,79839,White Penguin,Guitars>Semi-hollow body
INT-C5CFE2,79840,700V,Guitars>Electric solid body
INT-B781A2,79841,Phantom 6,Guitars>Electric solid body
INT-2DA552,79842,Jupiter,Guitars>Electric solid body
INT-B62ABD,79843,Phantom 12 Museum Condition,Guitars>Electric solid body
INT-58FED1,79844,"Teardrop, Brian Jones, Rolling Stones",Guitars>Electric solid body
INT-7BE112,79847,Zemaitis Metal Top Deluxe,Guitars>Electric solid body
INT-8A4514,79848,Les Paul Custom ,Guitars>Electric solid body
INT-FB2E52,79849,360 Tuxedo Model,Guitars>Semi-hollow body
INT-F95379,79850,J200 Parlour Ltd Edition,Guitars>Flat top
INT-625960,79851,ES-295,Guitars>Semi-hollow body
INT-3FE98B,79853,Trini Lopez,Guitars>Semi-hollow body
INT-F2C6E5,80174,D18,Guitars>Flat top
INT-665AF4,80177,Keith Moon Spirit of Lilly Drum Kit THE WHO Ltd Edition,Drums>Shell Kits
INT-A783F4,81281,360,Guitars>Semi-hollow body
INT-9140E9,81282,Jazzmaster,Guitars>Electric solid body
INT-6422E7,81283,Stratocaster,Guitars>Electric solid body
INT-D63916,81286,6 String Acoustic,Guitars>Flat top
INT-A56C65,81287,J45,Guitars>Flat top
INT-3EB784,81288,D28-12,Guitars>12 string>Acoustic
INT-C1AE35,81290,D28,Guitars>Flat top
INT-30556F,81291,Telecaster,Guitars>Electric solid body
INT-B74C28,81294,Stratocaster,Guitars>Electric solid body
INT-D25D30,81295,Custom Metal Top,Guitars>Electric solid body
INT-E50FF4,81297,Professional Guitar & Amp Set,Guitars>Electric solid body
INT-E251AF,81299,Telecaster,Guitars>Electric solid body
INT-9157D2,81301,D18,Guitars>Flat top
INT-E988F4,81319,Les Paul Standard,Guitars>Electric solid body
INT-732031,81398,JMP 50 Ex Michael Schenker UFO SCORPIONS MSG,Amps>Heads
INT-DC7A2D,81399,SG Les Paul Lil Red Ex Billy Gibbons ZZ Top,Guitars>Electric solid body
INT-02C62D,81400,Les Paul custom Black Beauty MUSEUM CONDITION,Guitars>Electric solid body
INT-213CB4,81465,4 Piece drum kit owned by Ricke Wakeman of YES purchased from Bill Bruford,Drums>Shell Kits
INT-F22C86,81466,Keyboard Mixer Owned and Used by Rick Wakeman of YES 1970 Black,Effects>Other
INT-8BD8D7,81467,7P,Pianos>Synth & Keyboard
INT-9FC43C,81468, MiniMoog Style Synth Owned and Used by Rick Wakeman of YES ,Pianos>Synth & Keyboard
INT-B5F156,81470,Mirage Synth owned and used by Rick Wakeman of YES ,Pianos>Synth & Keyboard
INT-A67043,81471,EMT-1 & EMT-10Sound Expander Modules owned and used by Rick Wakeman of YES ,Effects>Multieffect
INT-B0FE23,81472,DX5 owned and used by Rick Wakeman of YES,Pianos>Synth & Keyboard
INT-782F98,81473,Prophet 5 owned and used by Rick Wakeman of YES,Pianos>Synth & Keyboard
INT-D94EC7,81477,Prophet 5 Remote owned and used by Rick Wakeman of YES ,Pianos>Synth & Keyboard
INT-F2957C,81478,Vibra Artist,Guitars>Electric solid body
INT-6D02C4,81479,Stratocaster Hardtail,Guitars>Electric solid body
INT-27F0BD,81481,Bi Phase,Effects>Phaser
INT-398A0F,81482,Resley Machine,Effects>Chorus
INT-658333,81807,25th Anniversary Stratocaster,Guitars>Electric solid body
INT-9D67B0,81808,Stratocaster,Guitars>Electric solid body
INT-39738D,81809,Stratocaster Hardtail,Guitars>Electric solid body
INT-BE7B5F,81812,Redondo Acoustic,Guitars>Flat top
INT-7ED548,81813,Model 700 Programmer Drum Machine owned and used by Rick Wakeman of YES,Pianos>Synth & Keyboard
INT-88FC09,81814,Rhythm 77 TR-77 Drum Machine owned and used by Rick Wakeman of YES,Pianos>Synth & Keyboard
INT-A8AFEB,81815,XV88 owned and used by Rick Wakeman of YES,Pianos>Synth & Keyboard
INT-343A40,81816,Stage Echo owned and used by Rick Wakeman of YES,Effects>Delay & Echo
INT-642544,81817,DSS1 Synth owned and used by Rick Wakeman of YES,Pianos>Synth & Keyboard
INT-048F7B,81818,DW8000,Pianos>Synth & Keyboard
INT-4ABC39,81819,DS-8 owned and used by Rick Wakeman of YES ,Pianos>Synth & Keyboard
INT-1D116A,81820,EPS-1 Synth owned and used by Rick Wakeman of YES ,Pianos>Synth & Keyboard
INT-5BD335,81821,CX-3,Pianos>Synth & Keyboard
INT-312134,81822,RK100 Keytar Synth owned and used by Rick Wakeman of YES ,Pianos>Synth & Keyboard
INT-337BFA,81826,OM-45 Owned and Used by Steve Howe YES ASIA,Guitars>Flat top
INT-0AC1B5,81827,1962 Reissue Stratocaster CIJ ,Guitars>Electric solid body
INT-79671C,81832,Prophecy,Pianos>Synth & Keyboard
INT-83C245,81833,Sigma Synth Sigma Synth owned and used by Rick Wakeman of YES ,Pianos>Synth & Keyboard
INT-66B90B,81834,Lambada Synth owned and used by Rick Wakeman of YES ,Pianos>Synth & Keyboard
INT-44F613,81858,Mono/Poly MP4 Synth owned and used by Rick Wakeman of YES,Pianos>Synth & Keyboard
INT-C83D99,81859,VC-10 Vocoder owned and used by Rick Wakeman of YES ,Pianos>Synth & Keyboard
INT-A22736,81860,Concerto 1000 Electric Piano owned and used by Rick Wakeman of YES,Pianos>Grand Piano
INT-7EBB92,81861,Computer Keyboard owned and used by Rick Wakeman of YES ,Pianos>Synth & Keyboard
INT-6E44AC,81863,Taurus II Bass Pedals owned and used by Rick Wakeman of YES,Pianos>Synth & Keyboard
INT-311937,81864,PolyMoog 1970 Black owned & used by Rick Wakeman of YES,Pianos>Synth & Keyboard
INT-EF7C14,81865,MiniMoog Model D owned & used by Rick Wakeman of YES ,Pianos>Synth & Keyboard
INT-E47B18,81866,XB-2 owned & used by Rick Wakeman of YES,Pianos>Synth & Keyboard
INT-5C4952,81867,L122 Organ owned & used by Rick Wakeman of YES ,Pianos>Synth & Keyboard
INT-F8B989,81868,C3 Organ owned & used by Rick Wakeman of YES ,Pianos>Synth & Keyboard
INT-FC815E,82084,JTM45 Super 100 Head,Amps>Heads
INT-A1DD53,82665,SG12A,Guitars>12 string>Electric
INT-8E2019,82667,JMP Stack ex Bernie Marsden Whitesnake,Amps>Head + Cab
INT-645BF5,82668,DR201 200W ex Ronnie Lane Small Faces,Amps>Heads
INT-5ED0A2,82670,J50,Guitars>Flat top
INT-D584B1,82672,Vibrolux,Amps>Combo
INT-CE5398,82676,200 Japanese,Guitars>Electric solid body
INT-7927B1,82677,D35,Guitars>Flat top
INT-56B10B,82678,Byrdland,Guitars>Archtop>Electric
INT-1C339D,82679,ES125,Guitars>Archtop>Electric
INT-3C44D2,82680,25th Anniversary Stratocaster,Guitars>Electric solid body
INT-A987B0,82682,UL730 Head THE BEATLES LED ZEPPELIN,Amps>Heads
INT-3C55D8,82683,UL760 Head THE BEATLES LED ZEPPELIN,Amps>Heads
INT-D7B80A,82684,JTM45 Super 100 Head,Amps>Heads
INT-F58ACF,83141,Aluminium guitar ex Ace Frehley KISS,Guitars>Electric solid body
INT-CE3E4D,83143,Prototype Precision Bass ex Dusty Hill ZZ TOP,Basses>4 string
INT-F871F8,83145,Aviator ex Eddie Ojeda TWISTED SISTER,Guitars>Electric solid body
INT-3E7E55,83146,Tony Iommi Custom Shop SG Left Handed BLACK SABBATH,Guitars>Electric solid body
INT-7C7EDB,83171,MPC Prototype Guitar ex Leslie West MOUNTAIN,Guitars>Electric solid body
INT-231481,83174,Modular Synthesizer SUPER RARE,Pianos>Synth & Keyboard
INT-66671A,83185,Stratocaster ex YNGWIE MALMSTEEN,Guitars>Electric solid body
INT-D8C857,83264,ES336,Guitars>Semi-hollow body
INT-32306F,83265,ES339 Black Beauty Model,Guitars>Semi-hollow body
INT-BA6DC3,83266,James Burton Signatur Telecaster,Guitars>Electric solid body
INT-6CB799,83267,AC30 TOP BOOST Edge Spec U2,Amps>Combo
INT-A443D8,83268,AC30 Brown Grill,Amps>Combo
INT-F1F411,83270,LG2 3/4 Acoustic,Guitars>Flat top
INT-202591,83271,CF100 Acoustic,Guitars>Flat top
INT-3453C9,83272,00-17 Mahogany,Guitars>Flat top
INT-C878ED,83408,Showman Speaker Cabinet Rare 1x15 Speaker,Amps>Cabinets
INT-EE72B2,83409,AC100 Rig ex Alan Rogan Collection,Amps>Head + Cab
INT-668C23,83410,D28 Brazilian Rosewood,Guitars>Flat top
INT-1FB3CA,83411,AC15 Casing,Amps>Combo
INT-A0DD8F,83413,Original Tweed Case for Stratocaster or Telecaster,Guitars>Miscellaneous
INT-034A17,83414,"Les Paul Case . Brown , Pink Lined , 4 Latch ",Guitars>Miscellaneous
INT-64EB79,83417,Stratocaster,Guitars>Electric solid body
INT-244844,83420,Tweed Twin ex Alan Rogan Collection,Amps>Combo
INT-9DD4A8,83422,Bandmaster Reverb Head ex Alan Rogan Collection ex THE WHO,Amps>Heads
INT-97E3DA,83426,Les Paul Custom Black Beauty COLLECTOR GRADE,Guitars>Electric solid body
INT-262C0C,83428,Tweed Champ ex Alan Rogan Collection,Amps>Combo
INT-C475F6,83429,Superlead 100 Stack ex STEVE JONES THE SEX PISTOL,Amps>Head + Cab
INT-C1929F,83430,2x12 extension cabinet RARE ex Alan Rogan Collection,Amps>Cabinets
INT-BA4C1F,83431,Aluminium Guitar ex THE CARS Serial No 27,Guitars>Electric solid body
INT-76BA55,83433,ES335 Dot Collector Condition,Guitars>Semi-hollow body
INT-8551E5,83544,D28,Guitars>Flat top
INT-6B0C2F,83545,Metal Top,Guitars>Electric solid body
INT-FC17F8,83547,J160E,Guitars>Flat top
INT-531EC5,83549,"JTM100 , Super Lead , Eric Clapton , Jimmy Page Spec ",Amps>Heads
INT-5B5082,83824,Jazzmaster,Guitars>Electric solid body
INT-1C8BAC,83826,Starfire III,Guitars>Semi-hollow body
INT-1390FC,83827,J50,Guitars>Flat top
INT-4B71B5,83829,Collectors Series,Guitars>Flat top
INT-246712,83830,575 Left Handed,Guitars>Archtop>Electric
INT-5E1428,83831,LG2,Guitars>Flat top
INT-0E5169,83833,Verythin Bass,Basses>Semi-hollowbody
INT-9CEDC4,83834,"Committee , Museum Grade , The Worlds Finest",Guitars>Archtop>Acoustic
INT-009F2E,83836,Supa Tone Bender,Effects>Fuzz/Distortion
INT-C2D907,83837,OR120 Graphic Head,Amps>Heads
INT-47943C,83838,"Orange OR, Matamp, Head Rare ",Amps>Heads
INT-092309,83839,"Supergroup 100 Head, Tony Iommi, Black Sabbath",Amps>Heads
INT-B3A4B2,83840,"Vamp MKI Head, Mac Bolan T-REX",Amps>Heads
INT-A88B68,84527,System IIIC,Pianos>Synth & Keyboard
INT-631B5F,84529,Les Paul Standard Collector Grade,Guitars>Electric solid body
INT-5D6561,84530,Superlead 100 Head ex Steve Jones The Sex Pistols,Amps>Heads
INT-3AF976,84794,"Voltage Plate for JTM, JMP Plexi and Aluminium panel amplifiers",Amps>Heads
INT-641D9C,84997,CS80 SUPER SYNTHESIZER,Pianos>Synth & Keyboard
INT-237B42,85014,Mustang,Guitars>Electric solid body
INT-D20B1B,85015,57 Reissue Stratocaster FACTORY FRESH!,Guitars>Electric solid body
INT-56A06E,85016,Eric Clapton Stratocaster,Guitars>Electric solid body
INT-2ADAAA,85017,Custom Shop Firebird III,Guitars>Electric solid body
INT-F505C7,85730,59 Reissue Les Paul Standard,Guitars>Electric solid body
INT-544E20,85731,Custom Shop Masterbuilt 59 Stratocaster Dale Wilson,Guitars>Electric solid body
INT-C3AC53,85732,F25 Acoustic,Guitars>Flat top
INT-608005,85733,Texan,Guitars>Flat top
INT-196E4C,85735,000-28EC Eric Clapton Model ,Guitars>Flat top
INT-98BD48,85736,Mustang,Guitars>Electric solid body
INT-2C779B,85737,Mustang,Guitars>Electric solid body
INT-D825EC,85738,Firebird I,Guitars>Electric solid body
INT-B20BD4,85786,68 Reissue Les Paul Custom ex Guns 'n' Roses,Guitars>Electric solid body
INT-9C5B5F,85794,Les Paul Special Double Cut ex GUNS 'N' ROSES,Guitars>Electric solid body
INT-3AE763,85796,ES325 Semi Acoustic ex GUNS 'N' ROSES,Guitars>Semi-hollow body
INT-2A0F90,85799,59 Reissue Les Paul stand ex GUNS 'N' ROSES,Guitars>Electric solid body
INT-5886BF,85991,Telecaster Deluxe,Guitars>Electric solid body
INT-30968A,85992,Jazz Bass,Basses>4 string
INT-FDBFC7,85993,Hi fly Nirvana Kurt Cobain,Guitars>Electric solid body
INT-8446B9,85994,Stratocaster,Guitars>Electric solid body
INT-C7320A,86014,Old Boy Tony Iommi Signature Model,Guitars>Electric solid body
INT-E20633,86016,Les Paul Standard,Guitars>Electric solid body
INT-54E8A0,86017,OM42,Guitars>Flat top
INT-03F796,86018,Trilam,Guitars>Semi-hollow body
INT-F989A3,86019,JMP Plexi 50 Head,Amps>Heads
INT-714059,86112,Stratocaster RARE CUSTOM COLOUR,Guitars>Electric solid body
INT-64A803,86114,Stratocaster British Dealer Finish,Guitars>Electric solid body
INT-65676A,86438,ES335 EX ROY ORBISON OH PRETTY WOMAN,Guitars>Semi-hollow body
INT-D849B5,86582,Les Paul Standard,Guitars>Electric solid body
INT-B965AD,87161,HD28VS,Guitars>Flat top
INT-F085E4,87462,Eric Clapton 000-28 ECB Ltd Edition,Guitars>Flat top
INT-F05053,87622,Custom Shop Chet Atkins CEC Model,Guitars>Classical
INT-9D08E0,87698,Billy Gibbons Pearly Gates Les Paul Artist Proof,Guitars>Electric solid body
INT-B08513,88664,20W Plexi Head and Pinstripe Cabinets,Amps>Head + Cab
INT-34C98B,89045,Custom Shop 57 Relic Stratocaster,Guitars>Electric solid body
INT-D00F17,89046,Custom Shop Jeff Beck Tribute Esquire,Guitars>Electric solid body
INT-B60105,89048,40th Anniversary Custom Shop Telecaster,Guitars>Electric solid body
INT-05DF45,89049,Custom Shop Chrome Stratocaster,Guitars>Electric solid body
INT-637484,89052,35th Anniversary Stratocaster,Guitars>Electric solid body
INT-BE393F,89053,Merle Haggard Signature Telecaster,Guitars>Electric solid body
INT-76021E,89054,381 John Kay Steppenwolf Signature Model,Guitars>Semi-hollow body
INT-9B3411,89055,Custom Shop Thinline Stratocaster,Guitars>Semi-hollow body
INT-C6532D,89056,Custom Shop 1954 Masterbuilt Stratocaster,Guitars>Electric solid body
INT-919EB2,89058,IC100 Combo ex Wilko Johnson Dr Feelgood,Amps>Combo
INT-26C9CE,89063,Custom Shop 65 Master Design Stratocaster,Guitars>Electric solid body
INT-46C657,89193,AC30 ex Status Quo ROCKIN ALL OVER THE WORLD,Amps>Combo
INT-270186,89546,Melody Maker Pinstripe ex Billy Gibbons ZZ TOP,Guitars>Electric solid body
INT-5D7865,89572,Marvin model EX HANK MARVIN - THE SHADOWS 1964 White,Guitars>Electric solid body
INT-C22160,89573,Marvin model Ex BRUCE WELCH - THE SHADOWS 1964 White,Guitars>Electric solid body
INT-77FD13,89574,Stratocaster Hardtail,Guitars>Electric solid body
INT-7EDBAB,89575,Masterbuilt John matos Crash Stratocaster 33/50,Guitars>Electric solid body
INT-77FCC1,89576,Les Paul Standard from the Alan Rogan Collection ex Celebrity Owner 1958 Sunburst ,Guitars>Electric solid body
INT-345428,89580,Masterbuilt John English Stratocaster,Guitars>Electric solid body
INT-DEA770,89581,Masterbuilt Chris Flemming Bass VI,Basses>6 string
INT-6E9A89,89582,Custom Shop Jerry Donaghue Telecaster,Guitars>Electric solid body
INT-C4E721,89875,ES347,Guitars>Semi-hollow body
INT-496135,89876,Dove,Guitars>Flat top
INT-D525F7,89877,La Tosca Dealer Exclusive Model,Guitars>Electric solid body
INT-F353E0,89879,AC50 Small Box Head,Amps>Heads
INT-A154DD,91357,L5S Ronnie Wood Rolling Stone Prototype,Guitars>Semi-hollow body
INT-EC6FF9,91360,McCarty 10 Top THE BEST,Guitars>Electric solid body
INT-0E7406,91361,Les Paul Recording,Guitars>Electric solid body
INT-613F68,91362,Les Paul Custom,Guitars>Electric solid body
INT-E938DE,91364,Les Paul Classic,Guitars>Electric solid body
INT-1D10E6,91366,Model H 000  Ex Gary Moore,Guitars>Flat top
INT-8B78EC,91367,Razorwood,Guitars>Electric solid body
INT-1660C1,91379,Telecaster,Guitars>Electric solid body
INT-B07255,91383,GB66,Guitars>Semi-hollow body
INT-F8CD5C,91384,Italian Fetish Model,Guitars>Electric solid body
INT-479C1B,91385,Hummingbird,Guitars>Flat top
INT-DB01B1,91386,D28,Guitars>Flat top
INT-1819CF,91387,457 2 Pickup Model,Guitars>Archtop>Electric
INT-EC6260,91388,Power Jet,Guitars>Electric solid body
INT-85608B,91389,BB Model FETISH GUITAR,Guitars>Semi-hollow body
INT-C5277C,91390,"Star Bass Bill Wyman, The Rolling Stones",Basses>Semi-hollowbody
INT-993273,91391,Custom Acoustic,Guitars>Flat top
INT-1D7FF4,91392,JLL Jen Larrivee Model,Guitars>Flat top
INT-6CC1A7,91393,L6 Copy,Guitars>Electric solid body
INT-4B9E52,91394,Duo Jet,Guitars>Semi-hollow body
INT-6F3D6B,91396,Corvus,Guitars>Electric solid body
INT-7FE12E,91397,Verythin,Guitars>Semi-hollow body
INT-179CF9,91398,S23,Guitars>Flat top
INT-209D9C,91830,Custom Acoustic ex George Harrison ' Thames Valley Special' ,Guitars>Flat top
INT-DCCD3D,91831,Stratocaster THE WORLDS FINEST ORIGINAL OWNER,Guitars>Electric solid body
INT-63F5BE,91834,Les Paul SG Junior COLLECTOR GRADE,Guitars>Electric solid body
INT-C7EAF9,91835,SG Special,Guitars>Electric solid body
INT-2DFD22,91836,Capri,Guitars>Semi-hollow body
INT-4A8498,91837,365WB,Guitars>Semi-hollow body
INT-314C4E,91838,Stratocaster,Guitars>Electric solid body
INT-1ED574,91839,Les Paul SG Custom Signed by Les Paul Himself,Guitars>Electric solid body
INT-4A33BE,91840,Custom Bass ex Ronnie Lane The Faces,Basses>4 string
INT-C2890C,91841,Custom Shop John Page 58 Stratocaster,Guitars>Electric solid body
INT-D8C3AF,91842,Les Paul Custom,Guitars>Electric solid body
INT-DC4A9E,91843,McCarty 10 Top,Guitars>Electric solid body
INT-2736AE,91845,Les Paul Classic,Guitars>Electric solid body
INT-BB1F2B,92285,4x12 Straight Front Cab ex Gary Moore,Amps>Cabinets
INT-3B6EF1,92291,SG Standard one owner guitar,Guitars>Electric solid body
INT-043FAA,92292,Telecaster with factory Fit Bigsby,Guitars>Electric solid body
INT-B60C9C,92293,Varispeed Copicat ex Gary Moore SUPER RARE,Effects>Delay & Echo
INT-ADED2C,92294,85th Anniversary Combo ex Gary Moore 2008 Black,Amps>Combo
INT-F42C6A,92776,Firebird V The World's Finest,Guitars>Electric solid body
INT-D0D566,92780,High Powered Twin,Amps>Combo
INT-CCF1C6,92781,Non-Reverse Firebird V  Museum Grade,Guitars>Electric solid body
INT-DA8035,92782,Les Paul Custom Black Beauty,Guitars>Electric solid body
INT-32322C,92783,Firebird I original (Clapton),Guitars>Electric solid body
INT-11027B,92784,Eric Clapton Stratocaster Owned and used by Eric,Basses>6 string
INT-0A7E53,92785,1998 Rose Morris Model (Pete Townshend),Guitars>Semi-hollow body
INT-D8EDC9,93459,Custom 24 ,Guitars>Electric solid body
INT-97F345,93462,Superlead 100 Head ex Gary Moore with Custom Mods,Amps>Heads
INT-94B9CF,93463,Bassman,Amps>Combo
INT-8BB5DE,93466,OM-42,Guitars>Flat top
INT-02184C,93469,Firebird VII,Guitars>Electric solid body
INT-6AF82B,93471,SG Special,Guitars>Electric solid body
INT-50389A,94219,Collectors Choice 'Gruhn Burst' Vic Da Pra Les Paul Standard ,Guitars>Electric solid body
INT-97BE43,94223,Tremonti,Guitars>Electric solid body
INT-13F44B,94226,Broadcaster ex Guns 'n' Roses,Guitars>Semi-hollow body
INT-ADD463,94227,000-18,Guitars>Flat top
INT-4CD6DB,94228,AC30 with rare factory Stand,Amps>Combo
INT-38A405,94448,Custom Shop Aloha Stratocaster No 1 Made for Namm Show,Guitars>Electric solid body
INT-D038F1,94452,D42 Ltd Edition Cambodian Rosewood 10/19 Worldwide,Guitars>Flat top
INT-FFD927,94453,"D28-GE Golden Era Brazilian Rosewood , New , Unplayed",Guitars>Flat top
INT-B6EA29,94498,Les Paul Standard Goldtop Rare First Year Small Headtstock,Guitars>Electric solid body
INT-E7D503,95110,Les Paul Custom,Guitars>Electric solid body
INT-9A84DA,95111,Fly Deluxe,Guitars>Electric solid body
INT-C13468,95116,Voke Model (Flying V),Guitars>Electric solid body
INT-D19529,95120,56 Reissue Les Paul,Guitars>Electric solid body
INT-AD9BE6,95121,1958 Reissue Les Paul Standard VOS,Guitars>Electric solid body
INT-49BC35,95132,Stratocaster,Guitars>Electric solid body
INT-71EBA8,95134,D28 Custom Shop 12 Model,Guitars>Flat top
INT-7BE6A3,95662,Les Paul Deluxe,Guitars>Electric solid body
INT-8596F0,95664,000-18,Guitars>Flat top
INT-2313D7,95727,Stratocaster,Guitars>Electric solid body
INT-248C9F,95729,Kitty Hawk Overdrive Special,Amps>Head + Cab
INT-D695EC,95730,Committee,Guitars>Archtop>Electric
INT-B95721,95733,Coronado 1 Special,Guitars>Semi-hollow body
INT-2AC926,95851,4x12 Pinstripe Cab for Plexi amps,Amps>Cabinets
INT-F4B906,96116,F30,Guitars>Flat top
INT-1FDB45,96438,Stratocaster,Guitars>Electric solid body
INT-77769A,96440,Melody Maker Single Cut,Guitars>Electric solid body
INT-133A52,96442,Olympic Melody Maker,Guitars>Electric solid body
INT-A46F59,96959,Custom Shop Relic Nocaster,Guitars>Electric solid body
INT-93EEA2,96960,Custom Shop Esquire,Guitars>Electric solid body
INT-59B92D,97451,LS-10 Owned and used by John Squire THE STONE ROSES,Guitars>Flat top
INT-7BB302,98075,"Duo Jet , George Harrison , Limited Edition 2000s - Black",Guitars>Chambered solid body
INT-5E4A9E,98078,Country Gentleman 62 Reissue 2000s - walnut,Guitars>Semi-hollow body
INT-038B2D,98910,Custom Shop David Gilmour THE BLACK STRAT Relic ,Guitars>Electric solid body
INT-C00023,98911,Medallion Flying V ex Scorpions Matthias Jabs ,Guitars>Electric solid body
INT-A6DA82,98913,Broadway,Guitars>Archtop>Acoustic
INT-0C9D04,98914,Antigua Stratocaster STUART ADAMSON BIG COUNTRY,Guitars>Electric solid body
INT-BDD03E,98917,Streamer Jazzman 5 ,Basses>5 string
INT-0D9785,98919,BB2NE Nathan East Signature 5 String Bass,Basses>5 string
INT-750559,98921,Streamer Jazzman 5 Fretless,Basses>Fretless
INT-0A6D81,98922,John Patitucci Signature 6 String Bass,Basses>6 string
INT-4EA938,98923,Euro 5LX 5 String Bass ,Basses>5 string
INT-540702,98925,Firebird VII,Guitars>Electric solid body
INT-17E573,98926,"TG0 - Ex Rolling Stones , Ron Wood",Guitars>Tenor
INT-DAE1EF,98928,Les Paul Standard,Guitars>Electric solid body
INT-8CD675,98930,Style 0,Guitars>Resonator
INT-A01CD4,99261,381 12 String,Guitars>12 string>Electric
INT-730390,99264,D40,Guitars>Flat top
INT-0A60AA,99267,ES175D,Guitars>Semi-hollow body
INT-91697F,99270,G6120 Nashville,Guitars>Semi-hollow body
INT-BE9D82,99322,King of Fuzz tone Bender,Effects>Fuzz
INT-C7C051,99635,Round Hole Gypsy Jazz Acoustic,Guitars>Gypsy Jazz
INT-BAB345,99637,"G12 H - 30 Watt , Pre Rola Greenback 1969 , pair , set",Amps>Cabinets
INT-3DD297,99638,Stratocaster Hardtail,Guitars>Electric solid body
INT-441842,99642,SC800 Ex Big Country ,Guitars>Electric solid body
INT-3EF64B,99644,SG 70 Ex Big Country ,Guitars>Electric solid body
INT-FF982F,99645,FR212,Amps>Cabinets
INT-51E901,99646,Custom Shop 58 Stratocaster John Page Era,Guitars>Electric solid body
INT-0F33F0,99793,Imperial MKII,Amps>Combo
INT-0439AC,99795,ZZ Top 50th Anniversary Super Fifity Nine M80 Head and Cab,Amps>Head + Cab
INT-27A66B,99798,oseland 45W Amplifier with 1x12 Extension Cab,Amps>Combo
INT-1ECF31,99800,President with Rare Round Control Panel,Guitars>Archtop>Electric
INT-8BBB05,99802,KT66 Valves/Tubes for Marshall JTM45 NOS,Amps>Heads
INT-9FA829,99940,Telecaster,Guitars>Electric solid body
INT-D1B4B9,100689,Les Paul,Guitars>Electric solid body
INT-EBC648,100691,Wiltshire,Guitars>Electric solid body
INT-35086B,100693,45 Plexi Head,Amps>Heads
INT-908ADA,100696,Les Paul Standard,Guitars>Electric solid body
INT-374DB2,100700,Telecaster with Bigsby,Guitars>Electric solid body
INT-CF71C1,100951,Professional MKII Tone Bender,Effects>Fuzz
INT-971297,101269,Stratocaster,Guitars>Electric solid body
INT-ECD14A,101276,30 (AC30),Amps>Combo
INT-6E4A5F,101278,15 (AC15) Combo,Amps>Combo
INT-AAD914,101306,Musicmaster,Guitars>Electric solid body
INT-2C24C8,101431,JTM45 Head Gold Block Logo,Amps>Heads
INT-6CFD0D,101432,Custom Shop Seven from Heaven Stratocaster,Guitars>Electric solid body
INT-C7CCFB,101734,Blackguard Telecaster ex John Squire THE STONE ROSES & SEAHORSES,Guitars>Electric solid body
INT-9E59C3,102093,Stratocaster,Guitars>Electric solid body
INT-736028,102094,Stratocaster,Guitars>Electric solid body
INT-B62854,102097,Telecaster,Guitars>Electric solid body
INT-A40065,102098,Jeff Becks personal prototype Overdrive,Effects>Overdrive
INT-9F325C,102099,G 37,Guitars>Flat top
INT-E113C2,102122,D Custom,Guitars>Flat top
INT-E177BE,102123,Black scorpion,Guitars>Electric solid body
INT-98A42B,102124,SJ 200,Guitars>Flat top
INT-6B7A47,102125,Stratocaster ex Eric Stewart Paul McCartney,Guitars>Electric solid body
INT-A4B406,102126,00042,Guitars>Flat top
INT-545161,102128,50w JCM800 Head,Amps>Heads
INT-02B499,102129,Salt and pepper basketweave 4x12 Cabinet,Amps>Cabinets
INT-A662CB,102130,JMI MKII 50W Head,Amps>Heads
INT-20EC9B,102132,Stratocaster,Guitars>Electric solid body
INT-026A3C,102269,Telecaster,Guitars>Electric solid body
INT-DC7E91,102271,Custom Shop Duane Allman 59 Reissue ,Guitars>Electric solid body
INT-1E982E,102275,Rose Morris 1995 (615),Guitars>Electric solid body
INT-477249,102277,Les Paul Deluxe,Guitars>Electric solid body
INT-1C5664,102933,Stratocaster,Guitars>Electric solid body
INT-644E3E,102937,Mary Kaye Stratocaster,Guitars>Electric solid body
INT-580A74,102945,Custom Shop 1960 Reissue Les Paul Standard FLAME TOP ,Guitars>Electric solid body
INT-1027ED,102951,Custom Shop 1960 Reissue Les Paul standard ,Guitars>Electric solid body
INT-632D62,102952,Custom Shop 59 Reissue les Paul Standard,Guitars>Electric solid body
INT-1817B6,102953,Custom Shop Historic 57 Reissue Les Paul,Guitars>Electric solid body
INT-69C8A4,103034,"4x12 Ex Guns and Roses, Richard Fortus",Amps>Cabinets
INT-B1CA3C,103170,Razorwood,Guitars>Electric solid body
INT-F257BD,103171,370,Guitars>Semi-hollow body
INT-4DFC1B,103173,Tri-Lam,Guitars>Semi-hollow body
INT-4969FB,103174,Acoustic,Guitars>Flat top
INT-0C4BA9,103176,Westminster,Amps>Combo
INT-A31538,103178,EVH Custom Shop Tribute Frankenstein Stratocaster,Guitars>Electric solid body
INT-2719E7,103182,20th Anniversary 594 McCarty Private Stock,Guitars>Electric solid body
INT-4F4A4B,103183,Bumblebee Stratocaster Tribute Model ,Guitars>Electric solid body
INT-CD0740,103184,Custom Shop Andy Summers Tribute Telecaster,Guitars>Electric solid body
INT-CC1E7B,103999,500/1 Violin Bass,Basses>4 string
INT-F6F1BD,104000,500/1 Violin Bass,Basses>4 string
INT-E5C073,104001,500/1 Violin Bass,Basses>4 string
INT-ECEEC3,104003,500/1 Cavern Bass Left Handed,Basses>4 string
INT-0C3B5D,104004,Prototype 'Thumbs Carllile' Stratocaster 1955 - Natural,Guitars>Electric solid body
INT-0FE9E9,104006,Telecaster,Guitars>Electric solid body
INT-42CE7B,104008,Stratocaster,Guitars>Electric solid body
INT-DC6508,104012,Twin,Amps>Combo
INT-2A16D8,104013,JTM45 Head,Amps>Heads
INT-E5FCD7,104014,Slash November Rain J45,Guitars>Flat top
INT-2D510B,104180,Telecaster,Guitars>Electric solid body
INT-24FF8E,104182,25/50 Anniversary Les Paul Custom,Guitars>Electric solid body
INT-C585C6,104186,500/1 Violin Bass ,Basses>Semi-hollowbody
INT-7908CB,104187,500/1 Violin Bass,Basses>Semi-hollowbody
INT-DD49BD,104188,500/1 Violin Bass,Basses>Semi-hollowbody
INT-7F68AB,104189,500/1 Cavern Bass Left handed McCartney The Beatles,Basses>Semi-hollowbody
INT-6A8DF0,104318,Drum Kit ex BRIAN DOWNEY THIN LIZZY,Drums>Shell Kits
INT-C3781F,104320,"LES PAUL , Collectors Choice Number 2 , Goldie",Guitars>Electric solid body
INT-840C95,104321,DE500 Duane Eddy Signature Model ,Guitars>Semi-hollow body
INT-1A20E9,104325,Les Paul SG EX LES PAUL & MARY FORD,Guitars>Electric solid body
INT-C155E3,104481,1/28 Acoustic,Guitars>Flat top
INT-38736F,110220,Synchromatic,Guitars>Semi-hollow body
INT-2F7FF7,110221,ES175,Guitars>Semi-hollow body
INT-762580,110222,J50,Guitars>Flat top
INT-1E6C46,110223,Excel,Guitars>Archtop>Acoustic
INT-EEE06B,110224,White Penguin,Guitars>Electric solid body
INT-CECD06,110225,Precision Bass,Basses>4 string
INT-9010AF,110227,D18 Golden Era,Guitars>Flat top
INT-30372C,110229,Les Paul Standard 'Burst',Guitars>Electric solid body
INT-424A75,111002,MKI Tone Bender Master Build,Effects>Fuzz
INT-D22EA7,111003,Les Paul Standard,Guitars>Electric solid body
INT-1D03BA,111004,Stratocaster,Guitars>Electric solid body
INT-0DAB28,111005,Dan Smith stratocaster,Guitars>Electric solid body
INT-C1BC2D,111019,Paul McCartney Band Guitar Routing System,Effects>Other
INT-6AB06A,111020,Fuzz Reverb Unit,Effects>Fuzz
INT-426627,111022,Multiac AC SA Nylon Rosewood,Guitars>Chambered solid body
INT-E4E3D5,111024,1997 Rose Morris Model Ex Gem Archer Oasis Beady Eye,Guitars>Semi-hollow body
INT-921765,111026,Raya RON WOOD THE Rolling Stones CONNECTION,Guitars>Electric solid body
INT-044210,111027,Glen Campbell,Guitars>Flat top
INT-EC2243,111028,1976 Reissue Explorer,Guitars>Electric solid body
INT-F17287,111100,Harley Davison Ltd Edition acoustic,Guitars>Flat top
INT-69D318,111102,Silverjet,Guitars>Electric solid body
INT-6FC8B6,111104,Les Paul Custom,Guitars>Electric solid body
INT-41177E,111105,EC-10,Guitars>Flat top
INT-468791,111106,Esquire,Guitars>Electric solid body
INT-E63E67,111108,J-185,Guitars>Flat top
INT-00221B,111109,1958 Reissue Les Paul standard MURPHY LAB HEAVY RELIC,Guitars>Electric solid body
INT-4DEA05,111110,59 Reissue Les Paul Murphy Lab,Guitars>Electric solid body
INT-48A31A,111111,164 Solid,Guitars>Electric solid body
INT-347510,111112,330,Guitars>Semi-hollow body
INT-B7832E,111113,33H Hawaiian Motif ,Guitars>Resonator
INT-9070D6,111114,Mark Tremonti Model ,Guitars>Electric solid body
INT-70FCB3,111115,Mark Tremonti,Guitars>Electric solid body
INT-163779,111165,AUB-1 Fretless Bass,Basses>Fretless
INT-5FC3AF,111166,"JMP 50 Head ex BOB DAISLEY, Randy Rhoads, Ozzy Osbourne, Gary Moore",Amps>Heads
INT-993717,111169,"Buddy Holly J45 Foundation Charity Guitar 2024 - Sunburst , Mark Knopfler , David Gilmour , Pete Townshend , Jeff Beck",Guitars>Flat top
INT-90731D,111294,Prophet 5 Ex Dire Straits Mark Knopfler,Pianos>Synth & Keyboard
INT-750307,111321,000-18,Guitars>Flat top
INT-8B8B1E,111325,John Mayer Tattoo Acoustic,Guitars>Flat top
INT-61E9FD,111406,Whammy EX KK DOWNING JUDAS PRIEST ,Effects>Octave
INT-CA8685,111506,MKI Bass,Basses>4 string
INT-1FBAF2,111507,Les Paul Junior,Guitars>Electric solid body
INT-A4830B,111511,Super Chorus,Effects>Chorus
INT-461233,111512,Telecaster,Guitars>Electric solid body
INT-4174CB,111738,Tube Strobe Tuner Ex Rolling Stones,Effects>Other
INT-80DE9C,111740,50s Reissue Stratocaster Signed by Nile Rodgers THE HITMAKER,Guitars>Electric solid body
INT-3647FF,111742,Custom Shop Collectors Choice No 1 Peter Green 'Greeny',Guitars>Electric solid body
INT-46A2D6,111743,Masterbuilt 50s Relic Stratocaster ex John Squire THE STONE ROSES,Guitars>Electric solid body
INT-CBA985,111745,Stratocaster,Guitars>Electric solid body
INT-E31543,111887,ES335,Guitars>Semi-hollow body
INT-D713CD,111890,L7 Charlie Christian ,Guitars>Archtop>Electric
INT-424BE9,112019,ART SC2 Compressor Ex Steve Howe YES ASIA 1990s - Black,Effects>Compressor
INT-C78B84,112020,SC2 Compressor Ex Steve Howe YES ASIA ,Effects>Compressor
INT-C93CC9,112021,FXR ELITE II Multi effects Ex Steve Howe YES ASIA,Effects>Multieffect
INT-5C786B,112027,MKS-80 Super Jupiter Rackmount Sound Module Ex Steve Howe YES ASIA,Effects>Other
INT-BE07DF,112028,MIR Music Workstation ex Steve Howe YES ASIA,Effects>Multieffect
INT-48754C,112029,U-110 PCM Sound Module Ex Steve Howe YES ASIA,Effects>Multieffect
INT-41F3AB,112031,Effects Network Reverb Delay ex Steve Howe YES ASIA 1990s - Black,Effects>Multieffect
INT-429214,112032,SPX-1000 Multi effects processor ex Steve Howe YES ASIA,Effects>Multieffect
INT-108590,112035,Midi Link Ex Steve Howe Yes ASIA 1980s - Grey,Effects>Looper/Switching/Controller
INT-DC9594,112036,SA-20 Dual Reverb ex Steve Howe YES ASIA 1980s - Black,Effects>Reverb
INT-985447,112037,SM26 Splitter Mixer Ex Steve Howe YES ASIA 1980s - Black,Effects>Looper/Switching/Controller
INT-11B3BF,112038,Tube Direct DI Rackmount Unit ex Steve Howe YES ASIA 1990s - Black,Effects>Other
INT-A2B8C6,112039,GR700 Guitar Synth Board ex Steve Howe YES ASIA 1980s - Silver,Effects>Multieffect
INT-A57E3F,112196,Nocaster 1951 - Blonde - Collector Grade - Worlds Best,Guitars>Electric solid body
INT-9639C3,112197,Les Paul Standard,Guitars>Electric solid body
INT-C959ED,112200,Stratocaster THE FIRST YEAR,Guitars>Electric solid body
INT-9582ED,112202,AC30 Dual Flightcase ex Andy Taylor Duran Duran,Amps>Cabinets
INT-E6A1BC,112206,JVM210H Head ex Andy Taylor Duran Duran ,Amps>Heads
INT-ED7AF4,112207,4x12 Cabinet ex Andy Taylor Duran Duran ,Amps>Cabinets
INT-683EF7,112209,AC30 Cab ex Andy Taylor Duran Duran,Amps>Cabinets
INT-B77CC7,112248,Custom Shop 57 Tweed Deluxe,Amps>Combo
INT-242882,112249,Custom 40 Tweed Combo with Extension cab 'Eric Clapton' ,Amps>Combo
INT-4283A1,112251,Custom Shop 57 Tweed Twin with Jupiter Upgrades ,Amps>Combo
INT-AA8C77,112292,E-series ex Keith Levene PiL THE CLASH,Guitars>Electric solid body
INT-EB0719,112294,Wiltshire ex Jesse Wood Ronnie Wood ,Guitars>Electric solid body
INT-AC75AB,112552,Vibrolux Reverb Silverface ,Amps>Combo
INT-63035F,112554,ES345 WORLDS FINEST,Guitars>Semi-hollow body
INT-442AE1,112555,Stratocaster,Guitars>Electric solid body
INT-D93934,112556,ES335 THE WORLDS FINEST,Guitars>Semi-hollow body
INT-48704F,112562,Concord Combo,Amps>Combo
INT-838176,112565,Delta Blues,Amps>Combo
INT-5A3067,112568,1962 Bluesbreaker Reissue ,Amps>Combo
INT-533E07,112569,JMP MKII Head,Amps>Heads
INT-969E71,112571,Custom 100 DR103,Amps>Heads
INT-6542D5,112572,JCM900 Hi-Gain Dual Reverb 4500 Head 50W,Amps>Heads
INT-11F2B2,112573,SE4122 4x12 Cabinet ,Amps>Cabinets
INT-9B8FCE,112574,Custom 100 DR103,Amps>Heads
INT-0403EE,112576,Vibrolux Reverb Silverface,Amps>Combo
INT-A1EE46,112577,Twin Reverb Silverface ,Amps>Combo
INT-1F02A1,112578,Custom 50 DR504 ,Amps>Heads
INT-AEA976,112579,SE4122 4x12 Cabinet,Amps>Cabinets
INT-8840A6,112580,Twin Blackface ,Amps>Combo
INT-1BF87C,112581,Twin Reverb Silverface,Amps>Combo
INT-7D5DF1,112582,Tube Reverb Tank ,Effects>Reverb
INT-BE3E89,112584,68 Custom Vibrolux Reissue Silverface,Amps>Combo
INT-0C182B,112587,Blues Deville 2x12 ,Amps>Combo
INT-449BF0,112588,Tube Reverb Tank ,Effects>Reverb
INT-3F4FB3,112589,64 Deluxe Reverb Reissue,Amps>Combo
INT-87075D,112594,Pro Reverb Silverface drip edge,Amps>Combo
INT-050981,112595,Tube Reverb Tank,Effects>Reverb
INT-C11E96,112596,Pro Junior,Amps>Combo
INT-E837D1,112597,Custom Shop Deluxe Amp,Amps>Combo
INT-2B7231,112598,59 Bassman Ltd,Amps>Combo
INT-D28D5F,112599,USA Champ Amp ,Amps>Combo
INT-1EFC54,112601,X320 Les Paul EX ELO ELECTRIC LIGHT ORCHESTRA ,Guitars>Electric solid body
INT-284EFE,112602,ex ELO Jeff Lynne THE IDLE RACE ,Amps>Combo
INT-AA7893,112603,C200 Delay ex ELO,Effects>Delay & Echo
INT-BAF657,112740,ES330,Guitars>Semi-hollow body
INT-1588CF,112741,JTM50 Black Black THE WORLDS FINEST,Amps>Heads
INT-E20783,112818,White Bison Bass,Basses>4 string
INT-EC6B73,112819,Jazzmaster,Guitars>Electric solid body
INT-B9034D,112820,Jazzmaster THE WORLDS FINEST,Guitars>Electric solid body
INT-923CF3,113074,SRV Signature Stratocaster played and signed by Jimmy Vaughan,Guitars>Electric solid body
INT-7E2C0F,113075,Eric Clapton Master Built Tribute Black Stratocaster,Guitars>Electric solid body
INT-6DD00C,113076,Elite Stratocaster Ex Andy Fairweather Low ,Guitars>Electric solid body
INT-A2095A,113077,Supro Ozark Model Ex Andy Fairweather Low Eric Clapton Tour ,Guitars>Electric solid body
INT-51ED81,113078,Cooder-Caster Stratocaster Ex Andy Fairweather Low ,Guitars>Electric solid body
INT-7A4E30,113083,Custom Shop Masterbuilt Acrylic Stratocaster,Guitars>Electric solid body
INT-229AF0,113084,80th Anniversary BB King Lucille,Guitars>Electric solid body
INT-B8D889,114686,Telecaster,Guitars>Electric solid body
INT-436008,114687,40W Head EX PINK FLOYD,Amps>Heads
INT-AC1B42,114688,Stratocaster 'Mary Kaye',Guitars>Electric solid body
INT-6FB189,114689,AC5075 XT Head LED ZEPPELIN JIMMY PAGE,Amps>Heads
INT-488938,114690,4001 ex Guy Pratt David Gilmour Pink Floyd,Basses>4 string
INT-DB8BC1,114691,16 Channel Vocoder,Effects>Other
INT-A2BAF0,114692,CO2 Long tom Echo LED ZEPPELIN,Effects>Delay & Echo
INT-7872EC,114870, Custom Shop Les Paul Special Ltd Edition,Guitars>Electric solid body
INT-5DBD35,114871,Vintage Southerner,Guitars>Flat top
INT-BD1310,114872,Custom Shop Eric Clapton Beano Les Paul Standard,Guitars>Electric solid body
INT-D325BA,114873,Telecaster Custom ,Guitars>Electric solid body
INT-CED0C9,114874,ES335 Dot,Guitars>Semi-hollow body
INT-6105BD,114875,Jazzmaster,Guitars>Electric solid body
INT-DEFE91,114876,Murphy Lab ES335 ,Guitars>Semi-hollow body
INT-A45AA7,114877,Custom Shop 1955 Stratocaster,Guitars>Electric solid body
INT-14D058,114878,Starfire,Guitars>Semi-hollow body
INT-F4EBB1,114879,Custom Shop 68 Reissue Stratocaster,Guitars>Electric solid body
INT-0E7459,114880,OM2H,Guitars>Flat top
INT-CE380A,114881,Baby 2H,Guitars>Flat top
INT-CE83DA,114882,Fuzz Tone,Effects>Fuzz
INT-3FCB01,114883,D42,Guitars>Flat top
INT-C1F3FF,114884,D35,Guitars>Flat top
INT-FC3FA4,114885,D18,Guitars>Flat top
INT-87F347,115073,1960 Dark Burst,Guitars>Electric solid body
INT-80D4E2,115078,JTM45 Head GOLD BLOCK LOGO,Amps>Heads
INT-BB9F63,115079,JTM50 Head,Amps>Heads
INT-419AB8,115080,JTM45 Head COLLECTOR GRADE,Amps>Heads
INT-9C9F3F,115081, JTM 100 Head,Amps>Heads
INT-158FED,115082, JTM45 Super 100 Head,Amps>Heads
INT-F80568,115174,Blackface Overdrive Pedal,Effects>Overdrive
INT-B846B4,115175,Silverface Overdrive Pedal,Effects>Overdrive
INT-0D371A,115251,Rory Gallagher Relic Rangemaster,Effects>Treble Booster
INT-4B2C21,115602,Prototype 6 String Electric Guitar UNIQUE,Guitars>Electric solid body
INT-03631E,115603,Maple Top Electric Guitar,Guitars>Electric solid body
INT-C45DF0,115604,Dragon Front,Guitars>Electric solid body
INT-F8AE65,115605,12 String Electric Guitar,Guitars>Electric solid body
INT-52B1A8,115606,Semi Acoustic UBER RARE MODEL,Guitars>Semi-hollow body
INT-135636,115607,Florentine Mandolin RARE ONE OF A KIND,Stringed Instruments>Mandolin & mandolin family
INT-3F1CA2,115608,Gothic 6 String Acoustic RARE,Guitars>Flat top
INT-941157,115609,6 String Acoustic Dreadnought,Guitars>Flat top
INT-8203B0,115610,Hand Built Classical Guitar,Guitars>Classical
INT-A2A518,115611,Metal Face Bass RARE,Basses>4 string
INT-4F8ADD,115612," Acoustic Bass RARE SPECIAL ORDER, David Gilmour, Mike Oldfield style",Basses>Acoustic / Electric
INT-77CD8E,115613, Unique Dulcimer Kyoto Custom instrument RARE ONE OFF ,Stringed Instruments>Other
INT-A641C3,115614,Stratocaster used by Rory Gallagher,Guitars>Electric solid body
INT-CCEE62,115615,JTM45 Head Silver and Maroon Block Logo UBER RARE,Amps>Heads
INT-671D0A,115616,Custom Shop Playboy 40th Anniversary Stratocaster,Guitars>Electric solid body
INT-C56977,115617,SG Custom,Guitars>Electric solid body
INT-3AFE76,115618,59 Reissue Les Paul Custom Shop 59 Reissue Les Paul 7A QUILTED MAPLE TOP STUNNING,Guitars>Electric solid body
INT-F46683,115619,Les Paul  Ex Darkness,Guitars>Electric solid body
INT-FD09DF,115628,Custom Shop Strat Ultra,Guitars>Electric solid body
INT-CD9731,115629,Eric Clapton Signature Blackie Stratocaster ,Guitars>Electric solid body
INT-977194,115630,PRE-HISTORIC 59 REISSUE RARE Brazilian Board Killer Flame Top,Guitars>Electric solid body
INT-CE8498,115631,ES355,Guitars>Semi-hollow body
